,features,Accuracy_LR
0,"('Pclass',)",0.7318435754189944
1,"('Sex',)",0.8212290502793296
2,"('Age',)",0.6536312849162011
3,"('Pclass', 'Sex')",0.8212290502793296
4,"('Pclass', 'Age')",0.7486033519553073
5,"('Sex', 'Age')",0.8212290502793296
6,"('Pclass', 'Sex', 'Age')",0.8324022346368715
